Feature,Method_Count,Importance_Sum,Normalized_Importance_Sum
GCFC2,3,5183303.528340443,1.0
DIMT1,3,3526680.5571288583,0.6800803060830849
HSP90B1,3,2249877.0765919653,0.4335096706495599
LYRM9,3,1742462.582091059,0.3355200299221871
RSRP1,3,1741915.2641797173,0.3354143343102618
